{"stats":{"minecraft:picked_up":{"minecraft:crafting_table":3,"minecraft:sweet_berries":14,"minecraft:andesite":1,"minecraft:leather":4,"minecraft:porkchop":4,"minecraft:oak_log":11,"minecraft:spruce_sapling":1,"minecraft:diorite":3,"minecraft:gunpowder":1,"minecraft:dirt":36,"minecraft:leather_boots":1,"minecraft:rotten_flesh":3,"minecraft:wheat_seeds":3,"minecraft:beef":8,"minecraft:oak_boat":1,"minecraft:iron_ore":40,"minecraft:oak_planks":15,"minecraft:sugar_cane":3,"minecraft:mutton":8,"minecraft:coal":8,"minecraft:white_wool":6,"minecraft:cobblestone":42,"minecraft:furnace":1},"minecraft:used":{"minecraft:cooked_mutton":3,"minecraft:stone_pickaxe":76,"minecraft:oak_planks":15,"minecraft:wooden_pickaxe":6,"minecraft:stone_axe":37,"minecraft:dirt":8,"minecraft:cobblestone":2,"minecraft:beef":3,"minecraft:sweet_berries":11,"minecraft:crafting_table":3,"minecraft:furnace":1,"minecraft:porkchop":2,"minecraft:oak_boat":1,"minecraft:andesite":1,"minecraft:cooked_beef":2},"minecraft:dropped":{"minecraft:spruce_sapling":1},"minecraft:crafted":{"minecraft:cooked_beef":5,"minecraft:oak_planks":20,"minecraft:crafting_table":1,"minecraft:stick":8,"minecraft:wooden_pickaxe":1,"minecraft:stone_pickaxe":1,"minecraft:furnace":1,"minecraft:stone_axe":1,"minecraft:air":0,"minecraft:cooked_mutton":8},"minecraft:killed":{"minecraft:sheep":6,"minecraft:zombie":4,"minecraft:pig":1,"minecraft:cow":5},"minecraft:mined":{"minecraft:large_fern":1,"minecraft:furnace":1,"minecraft:iron_ore":37,"minecraft:sweet_berry_bush":6,"minecraft:andesite":1,"minecraft:crafting_table":3,"minecraft:grass":4,"minecraft:grass_block":6,"minecraft:coal_ore":5,"minecraft:oak_log":11,"minecraft:gravel":1,"minecraft:spruce_leaves":8,"minecraft:stone":35,"minecraft:sugar_cane":1,"minecraft:diorite":2,"minecraft:oak_leaves":1},"minecraft:custom":{"minecraft:time_since_rest":1842,"minecraft:interact_with_furnace":11,"minecraft:sprint_one_cm":156699,"minecraft:damage_taken":2689,"minecraft:walk_one_cm":92268,"minecraft:mob_kills":16,"minecraft:drop":1,"minecraft:damage_dealt":2075,"minecraft:swim_one_cm":326,"minecraft:interact_with_crafting_table":8,"minecraft:fly_one_cm":132826,"minecraft:crouch_one_cm":2349,"minecraft:play_one_minute":27756,"minecraft:deaths":6,"minecraft:sneak_time":986,"minecraft:walk_under_water_one_cm":90,"minecraft:jump":815,"minecraft:leave_game":2,"minecraft:walk_on_water_one_cm":1274,"minecraft:time_since_death":1818,"minecraft:fall_one_cm":31939},"minecraft:killed_by":{"minecraft:player":1,"minecraft:skeleton":1,"minecraft:creeper":2}},"DataVersion":2586}