{"stats":{"minecraft:broken":{"minecraft:stone_pickaxe":1,"minecraft:stone_axe":1,"minecraft:stone_shovel":3},"minecraft:used":{"minecraft:stone_pickaxe":131,"minecraft:stone_shovel":393,"minecraft:oak_planks":1,"minecraft:ladder":27,"minecraft:chest":1,"minecraft:spruce_planks":3,"minecraft:wooden_pickaxe":26,"minecraft:composter":1,"minecraft:bell":4,"minecraft:fletching_table":3,"minecraft:dirt":126,"minecraft:crafting_table":7,"minecraft:white_bed":12,"minecraft:snowball":5,"minecraft:lantern":6,"minecraft:bread":1,"minecraft:spruce_trapdoor":9,"minecraft:gravel":13,"minecraft:stone_axe":173,"minecraft:cobblestone":4,"minecraft:furnace":4,"minecraft:oak_boat":6,"minecraft:cooked_beef":12},"minecraft:picked_up":{"minecraft:crafting_table":4,"minecraft:feather":4,"minecraft:cooked_beef":12,"minecraft:chicken":7,"minecraft:ladder":3,"minecraft:leather":12,"minecraft:smithing_table":1,"minecraft:flint":5,"minecraft:stripped_spruce_wood":2,"minecraft:oak_log":13,"minecraft:lily_pad":10,"minecraft:dirt":455,"minecraft:lantern":6,"minecraft:cooked_mutton":1,"minecraft:bone":2,"minecraft:wheat_seeds":3,"minecraft:bell":5,"minecraft:spruce_planks":3,"minecraft:iron_ingot":13,"minecraft:beef":16,"minecraft:oak_boat":6,"minecraft:iron_ore":134,"minecraft:poppy":3,"minecraft:fletching_table":3,"minecraft:sugar_cane":14,"minecraft:oak_planks":1,"minecraft:spruce_trapdoor":1,"minecraft:furnace":7,"minecraft:stick":2,"minecraft:composter":4,"minecraft:torch":1,"minecraft:gravel":17,"minecraft:porkchop":12,"minecraft:stripped_spruce_log":21,"minecraft:spruce_sapling":1,"minecraft:white_bed":12,"minecraft:spruce_log":14,"minecraft:barrel":3,"minecraft:rotten_flesh":5,"minecraft:gray_wool":1,"minecraft:black_wool":1,"minecraft:mutton":39,"minecraft:coal":33,"minecraft:snowball":5,"minecraft:white_wool":18,"minecraft:cobblestone":94},"minecraft:dropped":{"minecraft:wheat_seeds":3,"minecraft:cooked_beef":12,"minecraft:chicken":1,"minecraft:rotten_flesh":2,"minecraft:dirt":48,"minecraft:iron_ore":31},"minecraft:crafted":{"minecraft:cooked_beef":16,"minecraft:oak_planks":52,"minecraft:stone_shovel":3,"minecraft:emerald":3,"minecraft:cooked_porkchop":11,"minecraft:crafting_table":3,"minecraft:spruce_planks":148,"minecraft:wooden_pickaxe":1,"minecraft:cooked_chicken":6,"minecraft:furnace":4,"minecraft:stone_axe":2,"minecraft:air":0,"minecraft:bread":18,"minecraft:cooked_mutton":24,"minecraft:oak_boat":2,"minecraft:spruce_trapdoor":8,"minecraft:ladder":27,"minecraft:stick":184,"minecraft:stone_pickaxe":1,"minecraft:chest":1},"minecraft:killed":{"minecraft:pig":8,"minecraft:iron_golem":3,"minecraft:sheep":20,"minecraft:skeleton":1,"minecraft:zombie":5,"minecraft:donkey":3,"minecraft:chicken":7,"minecraft:cow":9},"minecraft:mined":{"minecraft:smithing_table":1,"minecraft:spruce_planks":3,"minecraft:white_bed":12,"minecraft:crafting_table":4,"minecraft:spruce_trapdoor":1,"minecraft:ladder":3,"minecraft:grass_block":82,"minecraft:tall_grass":4,"minecraft:spruce_leaves":4,"minecraft:oak_planks":1,"minecraft:sugar_cane":8,"minecraft:composter":4,"minecraft:furnace":8,"minecraft:stripped_spruce_wood":2,"minecraft:iron_ore":15,"minecraft:barrel":3,"minecraft:snow":5,"minecraft:spruce_log":14,"minecraft:birch_leaves":2,"minecraft:stripped_spruce_log":21,"minecraft:fletching_table":3,"minecraft:bell":5,"minecraft:grass":40,"minecraft:oak_log":13,"minecraft:coal_ore":22,"minecraft:lantern":5,"minecraft:gravel":22,"minecraft:dirt":325,"minecraft:stone":94},"minecraft:custom":{"minecraft:interact_with_furnace":58,"minecraft:mob_kills":57,"minecraft:traded_with_villager":6,"minecraft:interact_with_crafting_table":15,"minecraft:play_one_minute":86481,"minecraft:bell_ring":274,"minecraft:leave_game":3,"minecraft:time_since_death":297,"minecraft:climb_one_cm":8447,"minecraft:time_since_rest":328,"minecraft:sprint_one_cm":288809,"minecraft:damage_taken":2946,"minecraft:walk_one_cm":188804,"minecraft:drop":38,"minecraft:damage_dealt":8781,"minecraft:swim_one_cm":3047,"minecraft:talked_to_villager":26,"minecraft:fly_one_cm":458169,"minecraft:player_kills":1,"minecraft:open_chest":9,"minecraft:crouch_one_cm":33157,"minecraft:deaths":7,"minecraft:sneak_time":6651,"minecraft:walk_under_water_one_cm":2172,"minecraft:boat_one_cm":185671,"minecraft:jump":1962,"minecraft:walk_on_water_one_cm":15148,"minecraft:fall_one_cm":65675},"minecraft:killed_by":{"minecraft:player":1,"minecraft:skeleton":1,"minecraft:creeper":1,"minecraft:zombie":1,"minecraft:iron_golem":1}},"DataVersion":2586}