{"stats":{"minecraft:used":{"minecraft:crafting_table":1,"minecraft:poppy":1},"minecraft:picked_up":{"minecraft:wheat_seeds":3,"minecraft:hay_block":11,"minecraft:oak_log":9,"minecraft:poppy":1,"minecraft:sugar_cane":6,"minecraft:dirt":7},"minecraft:crafted":{"minecraft:oak_planks":36,"minecraft:crafting_table":1,"minecraft:stick":4,"minecraft:wheat":99},"minecraft:mined":{"minecraft:hay_block":11,"minecraft:grass":16,"minecraft:grass_block":2,"minecraft:oak_log":9,"minecraft:poppy":1,"minecraft:dirt":5,"minecraft:tall_grass":8,"minecraft:sugar_cane":3,"minecraft:oak_leaves":4},"minecraft:custom":{"minecraft:open_chest":1,"minecraft:time_since_rest":742,"minecraft:damage_taken":220,"minecraft:play_one_minute":11442,"minecraft:crouch_one_cm":858,"minecraft:walk_one_cm":12505,"minecraft:sprint_one_cm":25792,"minecraft:deaths":1,"minecraft:sneak_time":221,"minecraft:jump":311,"minecraft:damage_dealt":48,"minecraft:leave_game":11,"minecraft:time_since_death":712,"minecraft:interact_with_crafting_table":18,"minecraft:fall_one_cm":8416,"minecraft:fly_one_cm":87069},"minecraft:killed_by":{"minecraft:spider":1}},"DataVersion":2586}