{"stats":{"minecraft:used":{"minecraft:diorite":1,"minecraft:stone_pickaxe":120,"minecraft:wooden_pickaxe":5,"minecraft:iron_sword":19,"minecraft:mutton":1,"minecraft:crafting_table":3,"minecraft:bread":7,"minecraft:map":1,"minecraft:stone_axe":14,"minecraft:cobblestone":44,"minecraft:beef":1,"minecraft:furnace":2,"minecraft:oak_sapling":1},"minecraft:picked_up":{"minecraft:crafting_table":3,"minecraft:azure_bluet":1,"minecraft:feather":1,"minecraft:chicken":4,"minecraft:leather":9,"minecraft:oak_log":6,"minecraft:dirt":4,"minecraft:bone":2,"minecraft:bow":1,"minecraft:wheat_seeds":1,"minecraft:beef":19,"minecraft:iron_ore":57,"minecraft:furnace":1,"minecraft:egg":3,"minecraft:dandelion":1,"minecraft:porkchop":2,"minecraft:diorite":1,"minecraft:white_bed":2,"minecraft:carrot":2,"minecraft:hay_block":12,"minecraft:oak_sapling":1,"minecraft:mutton":6,"minecraft:coal":14,"minecraft:cobblestone":65,"minecraft:white_wool":4},"minecraft:dropped":{"minecraft:filled_map":1},"minecraft:crafted":{"minecraft:oak_planks":24,"minecraft:crafting_table":1,"minecraft:wooden_pickaxe":1,"minecraft:iron_helmet":1,"minecraft:iron_sword":1,"minecraft:furnace":1,"minecraft:stone_axe":1,"minecraft:bread":30,"minecraft:air":0,"minecraft:iron_boots":1,"minecraft:iron_chestplate":1,"minecraft:shield":1,"minecraft:stick":8,"minecraft:iron_ingot":27,"minecraft:stone_pickaxe":1,"minecraft:iron_leggings":1,"minecraft:wheat":90},"minecraft:killed":{"minecraft:pig":1,"minecraft:sheep":4,"minecraft:skeleton":1,"minecraft:zombie":1,"minecraft:chicken":4,"minecraft:cow":10},"minecraft:mined":{"minecraft:white_bed":2,"minecraft:crafting_table":3,"minecraft:grass_block":4,"minecraft:diorite":1,"minecraft:hay_block":12,"minecraft:furnace":1,"minecraft:iron_ore":44,"minecraft:azure_bluet":1,"minecraft:grass":4,"minecraft:oak_log":6,"minecraft:coal_ore":13,"minecraft:dirt":2,"minecraft:stone":66,"minecraft:oak_leaves":3},"minecraft:custom":{"minecraft:interact_with_furnace":17,"minecraft:mob_kills":21,"minecraft:interact_with_crafting_table":11,"minecraft:play_one_minute":28298,"minecraft:leave_game":4,"minecraft:time_since_death":28298,"minecraft:time_since_rest":28298,"minecraft:sprint_one_cm":94154,"minecraft:damage_taken":161,"minecraft:walk_one_cm":71492,"minecraft:drop":1,"minecraft:damage_dealt":1820,"minecraft:swim_one_cm":1880,"minecraft:talked_to_villager":4,"minecraft:fly_one_cm":129074,"minecraft:open_chest":3,"minecraft:crouch_one_cm":4539,"minecraft:sneak_time":1841,"minecraft:walk_under_water_one_cm":470,"minecraft:jump":647,"minecraft:walk_on_water_one_cm":2244,"minecraft:fall_one_cm":15801}},"DataVersion":2586}