{"stats":{"minecraft:broken":{"minecraft:iron_pickaxe":1,"minecraft:golden_shovel":1},"minecraft:picked_up":{"minecraft:crafting_table":8,"minecraft:leather":3,"minecraft:gold_block":1,"minecraft:oak_log":16,"minecraft:lily_pad":7,"minecraft:string":1,"minecraft:wheat_seeds":4,"minecraft:iron_ingot":18,"minecraft:beef":8,"minecraft:oak_boat":9,"minecraft:iron_ore":176,"minecraft:poppy":2,"minecraft:oak_planks":4,"minecraft:furnace":5,"minecraft:egg":1,"minecraft:sweet_berries":7,"minecraft:gravel":1,"minecraft:porkchop":2,"minecraft:diorite":2,"minecraft:grass_block":32,"minecraft:carrot":2,"minecraft:redstone":17,"minecraft:rotten_flesh":2,"minecraft:hay_block":12,"minecraft:granite":1,"minecraft:mutton":15,"minecraft:coal":48,"minecraft:white_wool":8,"minecraft:cobblestone":137},"minecraft:used":{"minecraft:wheat_seeds":1,"minecraft:cooked_mutton":5,"minecraft:water_bucket":19,"minecraft:diorite":2,"minecraft:stone_pickaxe":29,"minecraft:oak_planks":2,"minecraft:poppy":2,"minecraft:wooden_pickaxe":12,"minecraft:shield":1,"minecraft:iron_sword":13,"minecraft:crafting_table":8,"minecraft:golden_shovel":32,"minecraft:bread":19,"minecraft:iron_axe":63,"minecraft:iron_pickaxe":266,"minecraft:gravel":1,"minecraft:stone_axe":2,"minecraft:cobblestone":123,"minecraft:furnace":5,"minecraft:bucket":20,"minecraft:egg":1,"minecraft:oak_boat":9},"minecraft:dropped":{"minecraft:stone_axe":1,"minecraft:wheat_seeds":3,"minecraft:minecart":1,"minecraft:granite":1,"minecraft:carrot":2,"minecraft:iron_ore":90,"minecraft:stone_pickaxe":1,"minecraft:wooden_pickaxe":1,"minecraft:lily_pad":7},"minecraft:crafted":{"minecraft:oak_planks":64,"minecraft:crafting_table":1,"minecraft:wooden_pickaxe":1,"minecraft:iron_helmet":1,"minecraft:iron_sword":1,"minecraft:furnace":1,"minecraft:bucket":1,"minecraft:stone_axe":1,"minecraft:bread":36,"minecraft:cooked_mutton":6,"minecraft:air":0,"minecraft:oak_boat":1,"minecraft:iron_boots":1,"minecraft:iron_chestplate":1,"minecraft:shield":1,"minecraft:iron_axe":1,"minecraft:stick":16,"minecraft:iron_ingot":41,"minecraft:iron_pickaxe":2,"minecraft:stone_pickaxe":1,"minecraft:iron_leggings":1,"minecraft:minecart":1,"minecraft:wheat":108},"minecraft:mined":{"minecraft:crafting_table":8,"minecraft:granite":1,"minecraft:grass_block":32,"minecraft:tall_grass":15,"minecraft:cobblestone":24,"minecraft:diorite":2,"minecraft:hay_block":12,"minecraft:redstone_ore":4,"minecraft:furnace":5,"minecraft:carrots":2,"minecraft:iron_ore":133,"minecraft:wheat":1,"minecraft:sweet_berry_bush":3,"minecraft:gold_block":1,"minecraft:grass":16,"minecraft:oak_log":16,"minecraft:coal_ore":24,"minecraft:vine":5,"minecraft:gravel":1,"minecraft:stone":113,"minecraft:oak_leaves":8},"minecraft:killed":{"minecraft:pig":2,"minecraft:zombie_villager":1,"minecraft:spider":1,"minecraft:iron_golem":1,"minecraft:creeper":1,"minecraft:sheep":8,"minecraft:zombie":2,"minecraft:villager":7,"minecraft:cow":3},"minecraft:custom":{"minecraft:interact_with_furnace":37,"minecraft:mob_kills":27,"minecraft:interact_with_crafting_table":17,"minecraft:play_one_minute":71478,"minecraft:leave_game":5,"minecraft:time_since_death":71478,"minecraft:climb_one_cm":433,"minecraft:time_since_rest":71478,"minecraft:sprint_one_cm":258701,"minecraft:damage_taken":525,"minecraft:walk_one_cm":105610,"minecraft:damage_blocked_by_shield":150,"minecraft:drop":19,"minecraft:damage_dealt":4639,"minecraft:swim_one_cm":3614,"minecraft:fly_one_cm":333948,"minecraft:open_chest":4,"minecraft:crouch_one_cm":15498,"minecraft:sneak_time":5445,"minecraft:walk_under_water_one_cm":1721,"minecraft:boat_one_cm":317817,"minecraft:jump":1789,"minecraft:walk_on_water_one_cm":10422,"minecraft:fall_one_cm":36127}},"DataVersion":2586}