{"stats":{"minecraft:mined":{"minecraft:grass":2},"minecraft:custom":{"minecraft:jump":88,"minecraft:time_since_rest":2329,"minecraft:damage_dealt":273,"minecraft:damage_taken":555,"minecraft:play_one_minute":3914,"minecraft:leave_game":3,"minecraft:time_since_death":0,"minecraft:sprint_one_cm":5741,"minecraft:walk_one_cm":6915,"minecraft:walk_on_water_one_cm":162,"minecraft:deaths":2,"minecraft:fall_one_cm":1045,"minecraft:fly_one_cm":8744,"minecraft:player_kills":1},"minecraft:killed_by":{"minecraft:zombie":2}},"DataVersion":2586}