{"stats":{"minecraft:picked_up":{"minecraft:crafting_table":5,"minecraft:iron_chestplate":1,"minecraft:feather":4,"minecraft:chicken":4,"minecraft:andesite":2,"minecraft:leather":9,"minecraft:wooden_pickaxe":1,"minecraft:flint":2,"minecraft:oak_log":9,"minecraft:lily_pad":8,"minecraft:shield":1,"minecraft:dirt":47,"minecraft:lapis_lazuli":17,"minecraft:cornflower":1,"minecraft:kelp":5,"minecraft:wheat_seeds":4,"minecraft:oak_boat":4,"minecraft:stone_pickaxe":1,"minecraft:iron_ingot":35,"minecraft:beef":20,"minecraft:cooked_chicken":4,"minecraft:iron_ore":128,"minecraft:iron_pickaxe":2,"minecraft:sugar_cane":40,"minecraft:iron_sword":1,"minecraft:oak_planks":34,"minecraft:iron_boots":1,"minecraft:furnace":6,"minecraft:stick":2,"minecraft:dandelion":1,"minecraft:gravel":14,"minecraft:diorite":7,"minecraft:gold_ore":10,"minecraft:stone_sword":1,"minecraft:arrow":2,"minecraft:stone_shovel":1,"minecraft:rotten_flesh":1,"minecraft:diamond":3,"minecraft:stone_axe":1,"minecraft:obsidian":10,"minecraft:mutton":5,"minecraft:coal":34,"minecraft:snowball":1,"minecraft:white_wool":5,"minecraft:cobblestone":206},"minecraft:used":{"minecraft:cooked_mutton":3,"minecraft:water_bucket":12,"minecraft:diorite":5,"minecraft:stone_sword":16,"minecraft:stone_shovel":42,"minecraft:stone_pickaxe":124,"minecraft:wooden_pickaxe":4,"minecraft:shield":9,"minecraft:iron_sword":27,"minecraft:cooked_chicken":4,"minecraft:dirt":25,"minecraft:crafting_table":5,"minecraft:cornflower":1,"minecraft:diamond_pickaxe":57,"minecraft:lava_bucket":1,"minecraft:iron_pickaxe":145,"minecraft:stone_axe":8,"minecraft:cobblestone":137,"minecraft:beef":6,"minecraft:furnace":4,"minecraft:bucket":13,"minecraft:andesite":2,"minecraft:oak_boat":4},"minecraft:dropped":{"minecraft:cobblestone":2,"minecraft:iron_ore":11,"minecraft:beef":1,"minecraft:iron_pickaxe":1,"minecraft:dandelion":1},"minecraft:crafted":{"minecraft:oak_planks":36,"minecraft:stone_shovel":1,"minecraft:crafting_table":1,"minecraft:wooden_pickaxe":1,"minecraft:iron_helmet":1,"minecraft:cooked_chicken":4,"minecraft:iron_sword":1,"minecraft:furnace":2,"minecraft:bucket":1,"minecraft:stone_axe":1,"minecraft:cooked_mutton":3,"minecraft:air":0,"minecraft:oak_boat":1,"minecraft:iron_boots":1,"minecraft:iron_chestplate":1,"minecraft:diamond_pickaxe":1,"minecraft:shield":1,"minecraft:stick":16,"minecraft:iron_ingot":94,"minecraft:iron_pickaxe":1,"minecraft:stone_pickaxe":1,"minecraft:stone_sword":1,"minecraft:iron_leggings":1},"minecraft:killed":{"minecraft:sheep":3,"minecraft:skeleton":1,"minecraft:zombie":1,"minecraft:chicken":4,"minecraft:cow":5},"minecraft:mined":{"minecraft:diamond_ore":3,"minecraft:dandelion":1,"minecraft:obsidian":12,"minecraft:crafting_table":4,"minecraft:cornflower":1,"minecraft:grass_block":4,"minecraft:tall_grass":4,"minecraft:cobblestone":7,"minecraft:lapis_ore":2,"minecraft:sugar_cane":16,"minecraft:oxeye_daisy":1,"minecraft:diorite":5,"minecraft:furnace":4,"minecraft:iron_ore":105,"minecraft:snow":1,"minecraft:andesite":2,"minecraft:grass":11,"minecraft:oak_log":10,"minecraft:coal_ore":15,"minecraft:gravel":18,"minecraft:dirt":21,"minecraft:stone":163,"minecraft:gold_ore":10,"minecraft:oak_leaves":2},"minecraft:custom":{"minecraft:interact_with_furnace":46,"minecraft:mob_kills":15,"minecraft:interact_with_crafting_table":23,"minecraft:play_one_minute":68951,"minecraft:leave_game":10,"minecraft:time_since_death":46207,"minecraft:time_since_rest":46646,"minecraft:sprint_one_cm":97661,"minecraft:damage_taken":829,"minecraft:walk_one_cm":133327,"minecraft:damage_blocked_by_shield":585,"minecraft:drop":16,"minecraft:damage_dealt":1705,"minecraft:swim_one_cm":194,"minecraft:fly_one_cm":180217,"minecraft:crouch_one_cm":18036,"minecraft:deaths":1,"minecraft:sneak_time":5758,"minecraft:walk_under_water_one_cm":14458,"minecraft:boat_one_cm":234058,"minecraft:jump":1187,"minecraft:walk_on_water_one_cm":20361,"minecraft:fall_one_cm":30329},"minecraft:killed_by":{"minecraft:skeleton":1}},"DataVersion":2586}