{"stats":{"minecraft:used":{"minecraft:dirt":2},"minecraft:picked_up":{"minecraft:beef":6,"minecraft:leather":1,"minecraft:wheat_seeds":8,"minecraft:dirt":2},"minecraft:killed":{"minecraft:cow":2},"minecraft:mined":{"minecraft:tall_grass":29,"minecraft:grass":19,"minecraft:grass_block":2},"minecraft:custom":{"minecraft:jump":264,"minecraft:time_since_rest":5743,"minecraft:crouch_one_cm":285,"minecraft:damage_dealt":214,"minecraft:play_one_minute":5743,"minecraft:leave_game":7,"minecraft:sprint_one_cm":16534,"minecraft:damage_taken":25,"minecraft:time_since_death":5743,"minecraft:walk_one_cm":9649,"minecraft:sneak_time":102,"minecraft:mob_kills":2,"minecraft:fall_one_cm":5434,"minecraft:fly_one_cm":66827}},"DataVersion":2586}