{"stats":{"minecraft:picked_up":{"minecraft:beef":6,"minecraft:leather":1,"minecraft:wheat_seeds":6},"minecraft:killed":{"minecraft:cow":2},"minecraft:mined":{"minecraft:grass":12,"minecraft:tall_grass":24},"minecraft:custom":{"minecraft:jump":87,"minecraft:time_since_rest":2411,"minecraft:damage_dealt":200,"minecraft:play_one_minute":2411,"minecraft:leave_game":3,"minecraft:sprint_one_cm":2746,"minecraft:time_since_death":2411,"minecraft:walk_one_cm":2825,"minecraft:mob_kills":2,"minecraft:fall_one_cm":1254,"minecraft:fly_one_cm":13906}},"DataVersion":2586}